Top pages,Clicks,Impressions,CTR,Position
https://thinkmovesolutions.com/,585,4435,13.19%,5.27
https://thinkmovesolutions.com/blogs/paypal-in-nepal/,349,61503,0.57%,4.46
https://thinkmovesolutions.com/zoom/,107,4076,2.63%,11.57
https://thinkmovesolutions.com/blogs/zoom-not-working-troubleshoot-guide/,102,26600,0.38%,6.22
https://thinkmovesolutions.com/blogs/aws-in-2026-latest-services-updates/,29,80547,0.04%,6.44
https://thinkmovesolutions.com/cloud-consulting-in-nepal/,26,1431,1.82%,11.5
https://thinkmovesolutions.com/blogs/zoom-vs-microsoft-teams-for-business/,24,16557,0.14%,9.87
https://thinkmovesolutions.com/contact-us/,22,2367,0.93%,3.99
https://thinkmovesolutions.com/career/,21,1195,1.76%,4.64
https://thinkmovesolutions.com/zoom-nepal/,20,172,11.63%,4.3
https://thinkmovesolutions.com/careers/,17,796,2.14%,2.91
https://thinkmovesolutions.com/aws-cloud-in-nepal/,15,1327,1.13%,8.84
https://thinkmovesolutions.com/blogs/thinkmove-solutions-new-it-software-company-office-in-sanepa-kathmandu/,15,904,1.66%,12.06
https://thinkmovesolutions.com/blogs/thinkmove-solutions-new-location/,13,791,1.64%,8.91
https://thinkmovesolutions.com/team/pradeep-pokharel/,11,423,2.6%,4.5
https://thinkmovesolutions.com/blogs/free-zoom-vs-paid-which-is-better/,10,12429,0.08%,6.99
https://thinkmovesolutions.com/blogs/complete-guide-to-aws-database/,10,10061,0.1%,10.98
https://thinkmovesolutions.com/blogs/amazon-bedrock-aws-ai-platform-guide/,9,49523,0.02%,6.6
https://thinkmovesolutions.com/blogs/what-is-aws-guide-amazon-web-services/,8,19555,0.04%,8.49
https://thinkmovesolutions.com/services/,7,972,0.72%,2.77
https://thinkmovesolutions.com/team/subani-kc/,7,78,8.97%,5
https://thinkmovesolutions.com/about-us/,6,1138,0.53%,4.3
https://thinkmovesolutions.com/blogs/understanding-zoom-partners-in-nepal/,6,603,1%,14.06
https://thinkmovesolutions.com/blogs/zoom-for-education-in-nepal-guide/,5,1737,0.29%,10
https://thinkmovesolutions.com/team/anil-wagle/,5,152,3.29%,5.79
https://thinkmovesolutions.com/blogs/zoom-camera-issues-easy-detect-fix/,4,6760,0.06%,8.11
https://thinkmovesolutions.com/blogs/guide-to-zoom-licenses-in-nepal/,4,874,0.46%,6.36
https://thinkmovesolutions.com/team/aashish-bari/,4,177,2.26%,4.77
https://thinkmovesolutions.com/bulk-sms/,4,145,2.76%,32.05
https://thinkmovesolutions.com/software-development/,3,1783,0.17%,4.81
https://thinkmovesolutions.com/blogs/simple-comparison-of-zoom-vs-discord/,2,3203,0.06%,5.62
https://thinkmovesolutions.com/blogs/fix-zoom-audio-mic-speaker-issue-fast/,2,1383,0.14%,9.07
https://thinkmovesolutions.com/blogs/zoom-reseller-vs-direct-purchase/,2,1244,0.16%,9.38
https://thinkmovesolutions.com/blogs/zoom-vs-google-meet-for-businesses/,2,562,0.36%,12.06
https://thinkmovesolutions.com/blogs/,1,1879,0.05%,10.34
https://thinkmovesolutions.com/plans/business/,1,347,0.29%,2.45
https://thinkmovesolutions.com/testimonials/,1,214,0.47%,4.86
https://thinkmovesolutions.com/team/rajeev-neupane/,1,127,0.79%,6.08
https://thinkmovesolutions.com/blogs/software-development-at-thinkmove-solutions/,1,120,0.83%,8.05
https://thinkmovesolutions.com/faq/how-do-i-choose-the-best-cloud-computing-company-in-nepal/,1,93,1.08%,13.08
https://thinkmovesolutions.com/google-cloud/,1,88,1.14%,10.44
https://thinkmovesolutions.com/testimonials/sam-smith/,1,43,2.33%,12.05
https://thinkmovesolutions.com/faq/what-makes-thinkmove-a-trusted-choice-for-cloud-consulting-in-nepal/,1,36,2.78%,18.83
https://thinkmovesolutions.com/faq/why-is-cloud-consulting-important-for-businesses-in-kathmandu/,1,34,2.94%,19.88
https://thinkmovesolutions.com/team/dipendra-mainali/,1,17,5.88%,2.76
https://thinkmovesolutions.com/blogs/cloud-consulting-in-depth-guide/,0,1715,0%,10.28
https://thinkmovesolutions.com/blog/,0,809,0%,5.21
https://thinkmovesolutions.com/microsoft-azure/,0,490,0%,4.93
https://thinkmovesolutions.com/careers/seo-associate/,0,206,0%,29.69
https://thinkmovesolutions.com/faq/what-makes-thinkmove-solutions-one-of-the-top-cloud-consulting-companies-in-nepal/,0,160,0%,4.91
https://thinkmovesolutions.com/communication/,0,146,0%,5.34
https://thinkmovesolutions.com/react/,0,146,0%,6.86
https://thinkmovesolutions.com/cybersecurity/,0,145,0%,7.71
https://thinkmovesolutions.com/plans/enterprise/,0,143,0%,2.06
https://thinkmovesolutions.com/devops/,0,135,0%,4.23
https://thinkmovesolutions.com/services,0,131,0%,2.19
https://thinkmovesolutions.com/faq/how-can-i-get-started-with-your-services/,0,86,0%,7.77
https://thinkmovesolutions.com/staff-augmentation/,0,84,0%,15.3
https://thinkmovesolutions.com/blogs/think-move-solutions-is-becoming-nepals-top-it-company/,0,80,0%,7.78
https://thinkmovesolutions.com/recruitment-services,0,74,0%,4.14
https://thinkmovesolutions.com/faq/what-it-outsourcing-services-do-you-provide/,0,70,0%,11.16
https://thinkmovesolutions.com/landing-page/,0,67,0%,6.46
https://thinkmovesolutions.com/site-redesign/,0,65,0%,24.71
https://thinkmovesolutions.com/plans/pro-plan/,0,60,0%,1.48
https://thinkmovesolutions.com/plans/education/,0,56,0%,1.27
https://thinkmovesolutions.com/faq/why-should-i-choose-thinkmove-for-my-cloud-strategy/,0,52,0%,14.81
https://thinkmovesolutions.com/plans/zoom-for-education/,0,50,0%,16.18
https://thinkmovesolutions.com/blogs/leading-future-think-move-solutions/,0,45,0%,7.31
https://thinkmovesolutions.com/testimonials/telenet/,0,41,0%,13.71
https://thinkmovesolutions.com/faq/what-cloud-services-does-thinkmove-provide-in-nepal/,0,38,0%,11.11
https://thinkmovesolutions.com/career-category/seo/,0,34,0%,7.21
https://thinkmovesolutions.com/career-category/design/,0,34,0%,7.85
https://thinkmovesolutions.com/team/chirag-keshari-pandey/,0,34,0%,12.15
https://thinkmovesolutions.com/faq/what-benefits-can-i-expect-from-using-a-cloud-consulting-company-in-nepal/,0,33,0%,17.82
https://thinkmovesolutions.com/testimonials/2sa-digital/,0,32,0%,7.72
https://thinkmovesolutions.com/category/uncategorized/,0,32,0%,11.34
https://thinkmovesolutions.com/html-css-js/,0,32,0%,12.47
https://thinkmovesolutions.com/plans/5000-sms/,0,32,0%,29.06
https://thinkmovesolutions.com/plans/zoom-pro-plan/,0,31,0%,23.19
https://thinkmovesolutions.com/?wpr_mega_menu=wpr-mega-menu-item-2701,0,25,0%,1.48
https://thinkmovesolutions.com/plans/zoom-enterprise-plan/,0,24,0%,12.42
https://thinkmovesolutions.com/faq/how-can-a-cloud-consulting-company-in-nepal-improve-my-business-it-infrastructure/,0,24,0%,30.54
https://thinkmovesolutions.com/faq/can-you-assist-with-cloud-migration/,0,23,0%,43.78
https://thinkmovesolutions.com/career-category/marketing/,0,22,0%,3.73
https://thinkmovesolutions.com/faq/what-types-of-cloud-services-does-thinkmove-solutions-provide-in-nepal/,0,22,0%,37.59
https://thinkmovesolutions.com/career-category/website-developement/,0,19,0%,7
https://thinkmovesolutions.com/careers/test-1/,0,19,0%,7.68
https://thinkmovesolutions.com/careers/test-3/,0,18,0%,2.94
https://thinkmovesolutions.com/htm-css-js/,0,16,0%,11.44
https://thinkmovesolutions.com/plans/10000-sms/,0,16,0%,16.75
https://thinkmovesolutions.com/aws/,0,15,0%,7.4
https://thinkmovesolutions.com/plans/webinar/,0,14,0%,7.14
https://thinkmovesolutions.com/plans/zoom-business-plan/,0,14,0%,17.21
https://thinkmovesolutions.com/testimonials/john-doe/,0,12,0%,7.75
https://thinkmovesolutions.com/plans/zoom-webinar-plan/,0,12,0%,18.83
https://thinkmovesolutions.com/faq/what-cloud-services-do-you-offer/,0,10,0%,31.3
https://thinkmovesolutions.com/cloud-service/,0,9,0%,5.67
https://thinkmovesolutions.com/team/aauysh-ojha/,0,5,0%,3
https://thinkmovesolutions.com/faq/how-secure-is-your-cloud-infrastructure/,0,5,0%,59
https://thinkmovesolutions.com/blogs/empowering-you-with-smart-services/,0,4,0%,7.5
https://thinkmovesolutions.com/2025/08/,0,4,0%,8.25
https://thinkmovesolutions.com/it-outsourcing/recruitment-services/,0,4,0%,11
https://thinkmovesolutions.com/wp-content/uploads/2025/06/online-khabar-1.png,0,4,0%,26.25
https://thinkmovesolutions.com/blogs/top-5-trends-in-2025/,0,3,0%,5.33
https://thinkmovesolutions.com/privacy-policy-2/,0,3,0%,8.67
https://thinkmovesolutions.com/careers/test-2/,0,3,0%,9
https://thinkmovesolutions.com/wp-content/uploads/2026/03/aws-in-2026.jpg,0,2,0%,12.5
https://thinkmovesolutions.com/careers/test-4/,0,2,0%,35.5
https://thinkmovesolutions.com/blogs/why-outsourcing-is-smart-scaling/,0,2,0%,92
https://thinkmovesolutions.com/?wpr_mega_menu=wpr-mega-menu-item-4351,0,1,0%,4
https://thinkmovesolutions.com/wp-content/uploads/2025/12/zoom-education-3.jpg,0,1,0%,5
https://thinkmovesolutions.com/?wpr_mega_menu=wpr-mega-menu-item-2702,0,1,0%,8
https://thinkmovesolutions.com/wp-content/uploads/2025/07/css-html-programming-languages-computer-programming-coding-it-female-programmer-cartoon-character-software-website-development-vector-isolated-concept-metaphor-illustration_335657-2740.webp,0,1,0%,11
https://thinkmovesolutions.com/2025/06/,0,1,0%,15
https://thinkmovesolutions.com/wp-content/uploads/2025/12/zoom-vs-teams.jpg,0,1,0%,20
https://thinkmovesolutions.com/testimonials/rymond-rai/,0,1,0%,40
https://thinkmovesolutions.com/wp-content/uploads/2025/07/advanced-computer-skills-abstract-concept-illustration_335657-3877.webp,0,1,0%,58
https://thinkmovesolutions.com/wp-content/uploads/2026/02/zoom-license-4.png,0,1,0%,69